{
    "width": 640,
    "height": 480,
    "camera_matrix": [
        [
            414.27117292706293,
            0.0,
            320.75952538967124
        ],
        [
            0.0,
            414.445530047065,
            238.59625158864756
        ],
        [
            0.0,
            0.0,
            1.0
        ]
    ],
    "distortion": [
        [
            0.0022825504132289007,
            0.15334073604554602,
            -0.0019696847598648054,
            0.0005629125734593576,
            -0.8492844090094998
        ]
    ]
}