{
    "width": 640,
    "height": 480,
    "camera_matrix": [
        [
            419.1293776937916,
            0.0,
            322.16240230737054
        ],
        [
            0.0,
            418.4628183146614,
            236.4897888303074
        ],
        [
            0.0,
            0.0,
            1.0
        ]
    ],
    "distortion": [
        [
            -0.19324248885435388,
            5.105362443872876,
            -0.0016351683188339514,
            0.002754918340372639,
            -38.66607211568662
        ]
    ]
}